Group,MeanRT,Accuracy
1,120.06809754167,0.6875
2,112.813902950004,0.825
3,187.071025517495,0.65
C,111.390777826793,0.678571428571429
