요인,SS,df,MS,F,확률>F
그룹,0.750388198757765,3,0.250129399585922,1.2037738590719,0.309845596711682
오차,37.4017857142857,180,0.207787698412698,,
총계,38.1521739130435,183,,,
