요인,SS,df,MS,F,확률>F
그룹,210359.597196463,3,70119.8657321545,1.94736426092879,0.124231339047227
오차,5617181.7844695,156,36007.5755414711,,
총계,5827541.38166596,159,,,
