요인,SS,df,MS,F,확률>F
그룹,201601.940521041,3,67200.646840347,2.16793255105088,0.0930975930116846
오차,6075524.24743259,196,30997.5726909826,,
총계,6277126.18795363,199,,,
