요인,SS,df,MS,F,확률>F
그룹,166194.533980878,3,55398.1779936261,1.4768489520979,0.222407168622113
오차,6751991.81655488,180,37511.0656475271,,
총계,6918186.35053576,183,,,
