Group,MeanRT,Accuracy
1,112.231712768002,0.24
2,121.113348922504,0.675
3,174.398848249996,0.32
C,90.4501077983405,0.216666666666667
