Group,MeanRT,Accuracy
1,115.764675520004,0.825
2,116.45455351563,0.28125
3,187.071025517495,0.725
C,92.4123107375086,0.854166666666667
