Group,MeanRT,Accuracy
1,120.06809754167,0.958333333333333
2,112.813902950004,0.225
3,187.071025517495,0.725
C,111.390777826793,0.803571428571429
