Group,MeanRT,Accuracy
1,115.764675520004,0.175
2,116.45455351563,0.71875
3,187.071025517495,0.275
C,92.4123107375086,0.145833333333333
